# FunkGui seed provenance (02 §2.1, SPRINTS S0.L3). HR root: /Users/seanfunk/audio/plugins/HardwareReverb (no git; this file is the only provenance).
# Copied byte for byte 2026-09-22T23:16:35-0400 .. 2026-09-22T23:16:42-0400; every sha256 re-verified against HR at copy time and again before commit 1.
# hr_path	funkgui_path	sha256	hr_mtime
Source/gui/Col.h	include/funkgui/core/Col.h	ab316ddfdc6db9f89fcda3990964d5bf4daba884c59b7c87d2fb0a8c9d08cad6	2026-08-15T19:41:48-0400
Source/gui/Theme.h	include/funkgui/core/Theme.h	01f221369f7ede142469d8ec7c7419a3bf32f6209da6c6043be90715763ce57a	2026-08-15T19:41:58-0400
Source/gui/TypeScale.h	include/funkgui/core/TypeScale.h	960c64aca98c69cb02d3545642da5f7c67ecfbec8d65df7bb6fe149399a74e8f	2026-09-22T19:39:03-0400
Source/gui/TagPalette.h	include/funkgui/core/TagPalette.h	26bfef0d010f40b448fe50e914bf5c3b8371f4f5d67cb6ebaf39e3624c7d476b	2026-09-22T19:39:03-0400
Source/gui/FontAtlasSdf.h	include/funkgui/text/FontAtlasSdf.h	aa4b1ad564cc3c223c51d5839581e842055f85ed2e26f9c85bb8ac1b393cf5cd	2026-09-03T19:16:08-0400
Source/gui/FontAtlasSdf.cpp	src/text/FontAtlasSdf.cpp	f1b49f45bed3dcc321e66060fefef425e0b74b5fbff7be0bce5ad2b9ad248ea7	2026-09-10T18:33:43-0400
Source/gui/BundledFont.h	include/funkgui/text/BundledFont.h	818366bf12953375766741fe05205f6bb9917e51237cd6506ed55842b1d79b15	2026-09-03T19:21:18-0400
Source/gui/SdfCanvas.h	include/funkgui/gpu/SdfCanvas.h	97eda741e0f6a804c96a275c0cc20007a294d5f2a5985553290064fa248cdfed	2026-09-10T19:29:19-0400
Source/gui/SdfCanvas.cpp	src/gpu/SdfCanvas.cpp	aae52de51562bed6541e2ce8f1ea2d7db4d217ffda80a558b2e7438d7cf6f36b	2026-09-22T22:05:26-0400
Source/gui/BgfxContext.h	include/funkgui/gpu/BgfxContext.h	85b9f4562314683721f11be2ba70582e525687901528dbf3ae0350830a3427d6	2026-09-10T18:35:06-0400
Source/gui/BgfxContext.cpp	src/gpu/BgfxContext.cpp	63671fa55ff32f841de8b2da15167dbc2b6a4909b791844fed21d60eccfa71a5	2026-09-10T18:35:06-0400
Source/gui/FramePump.h	include/funkgui/gpu/FramePump.h	4a2e541a51abf883a7e21032e76520b89e2a4138035da1d209bd2106e1e6a507	2026-08-15T14:38:59-0400
Source/gui/FramePump.cpp	src/gpu/FramePump.cpp	ef110f1d76aa9311f6b11422d63f604717b67b7c54e24f468f594d3d2ef01db8	2026-09-10T18:36:35-0400
Source/gui/DisplayLink.h	include/funkgui/gpu/DisplayLink.h	36f51352d9ae9491576bba39ba274071e421f233ede6c4bc0282a63669e709e8	2026-08-15T14:24:36-0400
Source/gui/DisplayLink.mm	src/gpu/DisplayLink.mm	79e65b06dc104bf53059c63e999e615c82eae0bb61ad86abd4d3da631b29c14c	2026-08-15T14:25:02-0400
Source/gui/NativeSurface.h	include/funkgui/gpu/NativeSurface.h	3ef44bda9bafbed1583ca094c73996bb438e2ecd2e897605644c19246b0b37a0	2026-08-03T21:34:46-0400
Source/gui/NativeSurface.mm	src/gpu/NativeSurface.mm	477538b2dd20d5a82ba9da15c9543bd88bacc463b4bca10c831be6dc97b0013e	2026-08-03T21:48:42-0400
Source/gui/UiPreferences.h	include/funkgui/prefs/UiPreferences.h	fd63a122b9b40ea1cb462834a65f1d8f4571fec7d576a4974e34c68f8fcb9970	2026-09-10T18:33:43-0400
Source/gui/UiPreferences.cpp	src/prefs/UiPreferences.cpp	c678aa219964b16cc8915db461ce8436f4b3fc3a78364701dc8b38efd04bbe54	2026-09-10T18:33:43-0400
Source/gui/shaders/vs_ui.sc	shaders/vs_ui.sc	caf003e2fb551a8457c4d6b267cdae6852b859a3218ca7bac785eef077b78613	2026-08-15T13:07:00-0400
Source/gui/shaders/fs_ui.sc	shaders/fs_ui.sc	456db68831d3c6e0557ba1301397d4c2b2f26f82ee5360d2b36ff57ed8fb11b7	2026-09-10T19:29:19-0400
Source/gui/shaders/varying.def.sc	shaders/varying.def.sc	b59e4e2e4318115c0334a9f07400d9e6abcc541b3e31ea5115808b7c911cbd14	2026-08-15T13:06:55-0400
Resources/fonts/JetBrainsMono-Regular-subset.ttf	fonts/JetBrainsMono-Regular-subset.ttf	610aa83f7321a70cf3830629858689080cc6f67496227bb5e84774756fdf5661	2026-09-03T19:20:12-0400
Resources/fonts/JetBrainsMono-LICENSE.txt	fonts/JetBrainsMono-LICENSE.txt	b2fe5e8987594e9ffd1d2ca52a2f5d73eb8335243893c5d6254b5ad69269591d	2026-09-03T19:02:22-0400
Resources/fonts/upstream/JetBrainsMono-Regular.ttf	fonts/upstream/JetBrainsMono-Regular.ttf	b6b1ff4ddefe36d7f2a6174e1d001cab374e594519ee9049af028d577b64c5f5	2026-09-03T19:02:21-0400
Tools/Harness.h	include/funkgui/test/Harness.h	27769a069508a663befc852bdadbcf90efe9f66771f2021945b9b50e900f038c	2026-09-22T21:41:00-0400
Tools/FontProbe.cpp	tools/FontProbe.cpp	8a943de1cc3d71ee1f54c2b63dea941891054e4a6d0a64b6e9adf457f849228e	2026-09-10T18:47:35-0400
Tools/AtlasDump.cpp	tools/AtlasDump.cpp	515ae4288bc25ec96698330f25f642f375948d8e42242f08c0c14baa25433fd1	2026-09-03T19:03:07-0400
Tools/PrefsCheck.cpp	tools/PrefsCheck.cpp	955b5341ab1d03e891b778c4dd84375134f8722ec22d6cad3a49c305dd1ed8aa	2026-09-22T21:41:48-0400
Tools/FrameRender.cpp	tools/FrameRender.cpp	5bac8ba6fc9f2d390642c72d1f5b28ea60d402211f2f6daa1c56d744cc6fe3ea	2026-09-10T19:29:19-0400
Scripts/capture-frame.sh	tools/capture-frame.sh	02f8a1be47dbeaaeba08dbcf71c32765605d02956bf7cc2e24ad7ae8cbf5868e	2026-09-22T22:06:50-0400
